Redirect from,Redirect to
/product/womens-waterproof-hijab-tracksuit-plus-size/,/products/womens-waterproof-hijab-tracksuit-plus-size
/product/plus-size-mens-track-suit/,/products/plus-size-mens-track-suit
/product/mens-track-suit/,/products/mens-track-suit
/product/boys-teens-track-suit/,/products/boys-teens-track-suit
/product/kids-track-suit/,/products/kids-track-suit
/product/girls-flared-leggings/,/products/girls-flared-leggings
/product/girls-floral-hooded-track-suit-set/,/products/girls-floral-hooded-track-suit-set
/product/mens-tracksuit/,/products/mens-tracksuit
/product/girls-tracksuit-2/,/products/girls-tracksuit-2
/product/mens-tracksuit-plus-size/,/products/mens-tracksuit-plus-size
/product/mens-tracksuit-4/,/products/mens-tracksuit-4
/product/mens-plus-size-tracksuit/,/products/mens-plus-size-tracksuit
/product/track-girls-3-line-tracksuit/,/products/track-girls-3-line-tracksuit
/product/mens-3-line-tracksuit/,/products/mens-3-line-tracksuit
/product/mens-sports-pants-3/,/products/mens-sports-pants-3
/product/mens-sports-pants-plus-size/,/products/mens-sports-pants-plus-size
/product/womens-waterproof-hijab-tracksuit/,/products/womens-waterproof-hijab-tracksuit
/product/track-mens-waterproof-sports-pants/,/products/track-mens-waterproof-sports-pants
/product/mens-football-shorts/,/products/mens-football-shorts
/product/kids-football-shorts/,/products/kids-football-shorts
/product/boys-tracksuit/,/products/boys-tracksuit
/product/mens-waterproof-tracksuit-plus-size/,/products/mens-waterproof-tracksuit-plus-size
/product/mens-waterproof-tracksuit/,/products/mens-waterproof-tracksuit
/product/track-mens-beach-shorts-2/,/products/track-mens-beach-shorts-2
/product/track-mens-beach-shorts/,/products/track-mens-beach-shorts
/product/venum-combat-sports-shorts/,/products/venum-combat-sports-shorts
/product/disney-short-sleeve-swimsuit/,/products/disney-short-sleeve-swimsuit
/product/track-full-face-swimming-goggles-2/,/products/track-full-face-swimming-goggles-2
/product/blank-medal-5-cm/,/products/blank-medal-5-cm
/product/handball-medal-5-cm/,/products/handball-medal-5-cm
/product/basketball-medal-5-cm/,/products/basketball-medal-5-cm
/product/all-sports-medal-5-cm/,/products/all-sports-medal-5-cm
/product/swimming-medal-5-cm/,/products/swimming-medal-5-cm
/product/foam-barbell-pad-black/,/products/foam-barbell-pad-black
/product/ab-wheel/,/products/ab-wheel
/product/goal-star-mens-sports-pants/,/products/goal-star-mens-sports-pants
/product/goal-star-kids-sports-pants/,/products/goal-star-kids-sports-pants
/product/mens-leggings/,/products/mens-leggings
/product/mens-3-line-leggings/,/products/mens-3-line-leggings
/product/plain-youth-t-shirt/,/products/plain-youth-t-shirt
/product/plain-kids-t-shirt/,/products/plain-kids-t-shirt
/product/track-womens-swimsuit/,/products/track-womens-swimsuit
/product/mens-sports-pants-2/,/products/mens-sports-pants-2
/product/mens-sports-pants/,/products/mens-sports-pants
/product/front-swimming-nose-clip/,/products/front-swimming-nose-clip
/product/speed-agility-hurdles-3-height-sizes/,/products/speed-agility-hurdles-3-height-sizes
/product/pull-up-parallel-bars-station/,/products/pull-up-parallel-bars-station
/product/welstar-triangle-football/,/products/welstar-triangle-football
/product/girls-kids-swimsuit/,/products/girls-kids-swimsuit
/product/metal-ball-inflation-needle/,/products/metal-ball-inflation-needle
/product/football-medal-6-cm/,/products/football-medal-6-cm
/product/track-boys-t-shirt/,/products/track-boys-t-shirt
/product/mens-sports-t-shirt-3/,/products/mens-sports-t-shirt-3
/product/track-girls-swimsuit/,/products/track-girls-swimsuit
/product/track-kids-football-socks/,/products/track-kids-football-socks
/product/catch-ball/,/products/catch-ball
/product/colorful-basketball/,/products/colorful-basketball
/product/rhythmic-gymnastics-rope/,/products/rhythmic-gymnastics-rope
/product/single-mouth-guard/,/products/single-mouth-guard
/product/blank-medal-6-cm-2/,/products/blank-medal-6-cm-2
/product/plain-training-cone/,/products/plain-training-cone
/product/training-disc/,/products/training-disc
/product/track-ankle-weights/,/products/track-ankle-weights
/product/track-mens-football-socks/,/products/track-mens-football-socks
/product/mk-backpack-2027-2/,/products/mk-backpack-2027-2
/product/mk-backpack-2027/,/products/mk-backpack-2027
/product/track-backpack-2027-3/,/products/track-backpack-2027-3
/product/track-backpack-2027-2/,/products/track-backpack-2027-2
/product/track-backpack-2027/,/products/track-backpack-2027
/product/flower-2027-shoulder-bag-5/,/products/flower-2027-shoulder-bag-5
/product/flower-2027-shoulder-bag-4/,/products/flower-2027-shoulder-bag-4
/product/flower-2027-shoulder-bag-3/,/products/flower-2027-shoulder-bag-3
/product/flower-2027-shoulder-bag-2/,/products/flower-2027-shoulder-bag-2
/product/flower-2027-shoulder-bag/,/products/flower-2027-shoulder-bag
/product/venum-boxing-gloves/,/products/venum-boxing-gloves
/product/wesing-head-guard/,/products/wesing-head-guard
/product/wesing-chest-guard/,/products/wesing-chest-guard
/product/foam-boxing-gloves/,/products/foam-boxing-gloves
/product/kimo-ankle-weights-0-5-kg/,/products/kimo-ankle-weights-0-5-kg
/product/kung-fu-head-guard/,/products/kung-fu-head-guard
/product/2027-colorful-shoulder-backpack-4/,/products/2027-colorful-shoulder-backpack-4
/product/2027-colorful-shoulder-backpack-3/,/products/2027-colorful-shoulder-backpack-3
/product/2027-colorful-shoulder-backpack-2/,/products/2027-colorful-shoulder-backpack-2
/product/two-tone-swimming-training-resistance-band/,/products/two-tone-swimming-training-resistance-band
/product/cairo-flag/,/products/cairo-flag
/product/plain-green-silk-flag/,/products/plain-green-silk-flag
/product/derby-star-football/,/products/derby-star-football
/product/fifa-world-cup-2026-football/,/products/fifa-world-cup-2026-football
/product/fox-40-shark-whistle-2/,/products/fox-40-shark-whistle-2
/product/fox-40-caul-whistle/,/products/fox-40-caul-whistle
/product/6-piece-darts-set/,/products/6-piece-darts-set
/product/duke-football-size-5/,/products/duke-football-size-5
/product/champion-metal-whistle-without-lanyard/,/products/champion-metal-whistle-without-lanyard
/product/loki-table-tennis-balls-set/,/products/loki-table-tennis-balls-set
/product/adjustable-agility-pole/,/products/adjustable-agility-pole
/product/master-billiard-chalk/,/products/master-billiard-chalk
/product/multi-ball-carrying-net/,/products/multi-ball-carrying-net
/product/ear-and-nose-plugs-set/,/products/ear-and-nose-plugs-set
/product/under-armour-shoulder-backpack/,/products/under-armour-shoulder-backpack
/product/2027-colorful-shoulder-backpack/,/products/2027-colorful-shoulder-backpack
/product/tennis-racket-vibration-dampener/,/products/tennis-racket-vibration-dampener
/product/track-mens-pants-2/,/products/track-mens-pants-2
/product/track-mens-pants/,/products/track-mens-pants
/product/track-mens-swim-shorts/,/products/track-mens-swim-shorts
/product/track-kids-swim-shorts/,/products/track-kids-swim-shorts
/product/product-53/,/products/product-53
/product/kung-fu-medal/,/products/kung-fu-medal
/product/kids-kung-fu-set/,/products/kids-kung-fu-set
/product/kung-fu-set/,/products/kung-fu-set
/product/kids-3d-shorts/,/products/kids-3d-shorts
/product/mens-3d-shorts/,/products/mens-3d-shorts
/product/karate-belt/,/products/karate-belt
/product/bubble-swimming-cap/,/products/bubble-swimming-cap
/product/track-floral-handbag/,/products/track-floral-handbag
/product/table-tennis-net/,/products/table-tennis-net
/product/speed-ball/,/products/speed-ball
/product/speed-ball-paddle/,/products/speed-ball-paddle
/product/speed-ball-pole/,/products/speed-ball-pole
/product/square-speed-ball-base/,/products/square-speed-ball-base
/product/track-training-fins/,/products/track-training-fins
/product/fluorescent-cone-base/,/products/fluorescent-cone-base
/product/referee-flag-set/,/products/referee-flag-set
/product/unbreakable-jump-hurdle/,/products/unbreakable-jump-hurdle
/product/egypt-flag-scarf/,/products/egypt-flag-scarf
/product/sport-wrist-water-bottle/,/products/sport-wrist-water-bottle
/product/kepai-adjustable-ankle/,/products/kepai-adjustable-ankle
/product/kepai-open-patella-knee/,/products/kepai-open-patella-knee
/product/sports-wristband/,/products/sports-wristband
/product/sports-wrist-sweatband/,/products/sports-wrist-sweatband
/product/sweat-headband/,/products/sweat-headband
/product/cotton-medical-knee-support/,/products/cotton-medical-knee-support
/product/silicone-knee-support/,/products/silicone-knee-support
/product/weight-bench-with-barbell-rack/,/products/weight-bench-with-barbell-rack
/product/scout-hobby-badge/,/products/scout-hobby-badge
/product/scout-leather-woggle/,/products/scout-leather-woggle
/product/scout-beret/,/products/scout-beret
/product/goalkeeper-jersey/,/products/goalkeeper-jersey
/product/mens-sports-t-shirt-2/,/products/mens-sports-t-shirt-2
/product/mens-sports-t-shirt/,/products/mens-sports-t-shirt
/product/olympic-bar-120-cm/,/products/olympic-bar-120-cm
/product/leather-weightlifting-belt/,/products/leather-weightlifting-belt
/product/training-agility-hoop/,/products/training-agility-hoop
/product/asics-mens-sports-shoes/,/products/asics-mens-sports-shoes
/product/sponeta-s3-47i-indoor-table-tennis-table/,/products/sponeta-s3-47i-indoor-table-tennis-table
/product/leggings-pants-2/,/products/leggings-pants-2
/product/womens-ribbed-sports-bra/,/products/womens-ribbed-sports-bra
/product/womens-front-zip-sports-bra/,/products/womens-front-zip-sports-bra
/product/womens-printed-sports-bra/,/products/womens-printed-sports-bra
/product/leggings-pants-3/,/products/leggings-pants-3
/product/womens-sports-bra/,/products/womens-sports-bra
/product/school-police-badge/,/products/school-police-badge
/product/egypt-scout-neckerchief/,/products/egypt-scout-neckerchief
/product/handbag-sports-bag/,/products/handbag-sports-bag
/product/track-swim-parachute/,/products/track-swim-parachute
/product/half-finger-gym-gloves-4/,/products/half-finger-gym-gloves-4
/product/half-finger-gym-gloves-3/,/products/half-finger-gym-gloves-3
/product/kids-poncho-towel/,/products/kids-poncho-towel
/product/easy-open-camping-tent/,/products/easy-open-camping-tent
/product/track-mirror-swimming-goggles-2/,/products/track-mirror-swimming-goggles-2
/product/large-floor-pump/,/products/large-floor-pump
/product/kids-swim-ring/,/products/kids-swim-ring
/product/training-bib/,/products/training-bib
/product/inflatable-arm-bands/,/products/inflatable-arm-bands
/product/track-ball-bag/,/products/track-ball-bag
/product/donic-500-table-tennis-racket/,/products/donic-500-table-tennis-racket
/product/badminton-set/,/products/badminton-set
/product/gymnastics-wrist-guards/,/products/gymnastics-wrist-guards
/product/dove-football-size-4/,/products/dove-football-size-4
/product/dove-football-size-3/,/products/dove-football-size-3
/product/track-bubble-swim-cap-2/,/products/track-bubble-swim-cap-2
/product/track-elbow-knee-support-strap/,/products/track-elbow-knee-support-strap
/product/junior-mirrored-swimming-goggles/,/products/junior-mirrored-swimming-goggles
/product/track-ankle-weights-0-5-kg/,/products/track-ankle-weights-0-5-kg
/product/track-ankle-weights-1-2-kg/,/products/track-ankle-weights-1-2-kg
/product/on-shaker-bottle/,/products/on-shaker-bottle
/product/nice-sport-water-bottle/,/products/nice-sport-water-bottle
/product/shaker-bottle-2200ml/,/products/shaker-bottle-2200ml
/product/gold-silver-trophy/,/products/gold-silver-trophy
/product/liv-pro-exercise-band/,/products/liv-pro-exercise-band
/product/bloom-mini-pilates-ball/,/products/bloom-mini-pilates-ball
/product/liv-pro-gym-chalk/,/products/liv-pro-gym-chalk
/product/full-mask-swimming-goggles/,/products/full-mask-swimming-goggles
/product/track-tennis-net/,/products/track-tennis-net
/product/swimming-nose-clip-and-ear-plug-set/,/products/swimming-nose-clip-and-ear-plug-set
/product/sports-training-vest-2/,/products/sports-training-vest-2
/product/sports-training-mesh-tank-vest/,/products/sports-training-mesh-tank-vest
/product/sports-training-vest/,/products/sports-training-vest
/product/track-training-shorts/,/products/track-training-shorts
/product/track-training-shorts-2/,/products/track-training-shorts-2
/product/kiko-modest-burkini-with-cardigan/,/products/kiko-modest-burkini-with-cardigan
/product/3d-kiko-modest-burkini-waterproof/,/products/3d-kiko-modest-burkini-waterproof
/product/track-tennis-ball/,/products/track-tennis-ball
/product/track-karate-uniform/,/products/track-karate-uniform
/product/square-training-marker-cone/,/products/square-training-marker-cone
/product/training-mask/,/products/training-mask
/product/goalkeeper-gloves-2/,/products/goalkeeper-gloves-2
/product/kids-tricycle-with-seat-backrest/,/products/kids-tricycle-with-seat-backrest
/product/track-swimming-backpack-10/,/products/track-swimming-backpack-10
/product/track-swimming-backpack-9/,/products/track-swimming-backpack-9
/product/track-swimming-backpack-5/,/products/track-swimming-backpack-5
/product/track-swimming-backpack-8/,/products/track-swimming-backpack-8
/product/track-swimming-backpack-6/,/products/track-swimming-backpack-6
/product/kiko-disney-short-sleeve-swimsuit/,/products/kiko-disney-short-sleeve-swimsuit
/product/kids-disney-swimsuit/,/products/kids-disney-swimsuit
/product/kids-beach-cover-up/,/products/kids-beach-cover-up
/product/foam-aeroplane-toy/,/products/foam-aeroplane-toy
/product/kids-excavator-ride-on-car/,/products/kids-excavator-ride-on-car
/product/baby-crocs-clogs-2/,/products/baby-crocs-clogs-2
/product/product-51/,/products/product-51
/product/womens-dior-slides/,/products/womens-dior-slides
/product/womens-dinosaur-slides/,/products/womens-dinosaur-slides
/product/womens-miumiu-slides/,/products/womens-miumiu-slides
/product/kids-swimming-goggles-2/,/products/kids-swimming-goggles-2
/product/track-mirror-swimming-goggles/,/products/track-mirror-swimming-goggles
/product/track-swimming-goggles-7/,/products/track-swimming-goggles-7
/product/two-colors-track-swimming-goggles/,/products/two-colors-track-swimming-goggles
/product/track-swimming-goggles-6/,/products/track-swimming-goggles-6
/product/kuna-boxing-gloves/,/products/kuna-boxing-gloves
/product/youth-crocs-clogs-2/,/products/youth-crocs-clogs-2
/product/womens-crocs-slides/,/products/womens-crocs-slides
/product/youth-crocs-slides/,/products/youth-crocs-slides
/product/boys-crocs-clogs/,/products/boys-crocs-clogs
/product/colored-basketball-2/,/products/colored-basketball-2
/product/molten-basketball-2-colors/,/products/molten-basketball-2-colors
/product/large-beach-bucket-set/,/products/large-beach-bucket-set
/product/silicone-beach-bucket-set/,/products/silicone-beach-bucket-set
/product/beach-bucket-set/,/products/beach-bucket-set
/product/track-handbag/,/products/track-handbag
/product/kids-beach-shoes-2/,/products/kids-beach-shoes-2
/product/kids-beach-shoes/,/products/kids-beach-shoes
/product/kids-soft-ball/,/products/kids-soft-ball
/product/colorful-jump-rope/,/products/colorful-jump-rope
/product/numbered-stretch-resistance-band-12-levels/,/products/numbered-stretch-resistance-band-12-levels
/product/red-power-band/,/products/red-power-band
/product/orange-double-sided-power-band/,/products/orange-double-sided-power-band
/product/swimming-medal-6-cm/,/products/swimming-medal-6-cm
/product/basketball-medal-6-cm/,/products/basketball-medal-6-cm
/product/volleyball-medal-6-cm/,/products/volleyball-medal-6-cm
/product/blank-medal-6-cm/,/products/blank-medal-6-cm
/product/baby-float-with-seat-handles/,/products/baby-float-with-seat-handles
/product/beach-truck-toy/,/products/beach-truck-toy
/product/large-sand-shovel/,/products/large-sand-shovel
/product/beach-boat-tool-set/,/products/beach-boat-tool-set
/product/small-beach-truck-toy/,/products/small-beach-truck-toy
/product/beach-tool-excavator-truck/,/products/beach-tool-excavator-truck
/product/beach-truck-toy-set/,/products/beach-truck-toy-set
/product/beach-tool-transport-truck/,/products/beach-tool-transport-truck
/product/brand-crossbody-waist-bag/,/products/brand-crossbody-waist-bag
/product/swimming-board-mesh-bag/,/products/swimming-board-mesh-bag
/product/kids-printed-swim-ring/,/products/kids-printed-swim-ring
/product/shape-swim-ring-84-cm/,/products/shape-swim-ring-84-cm
/product/crab-sand-scoop/,/products/crab-sand-scoop
/product/printed-swim-ring-81-c/,/products/printed-swim-ring-81-c
/product/printed-swim-ring-81-cm/,/products/printed-swim-ring-81-cm
/product/brand-handbag/,/products/brand-handbag
/product/track-laptop-backpack/,/products/track-laptop-backpack
/product/track-backpack-2/,/products/track-backpack-2
/product/backpack-2-pockets/,/products/backpack-2-pockets
/product/cogo-town-police-car/,/products/cogo-town-police-car
/product/cogo-town-electric-racing-car/,/products/cogo-town-electric-racing-car
/product/cogo-town-taxi-car/,/products/cogo-town-taxi-car
/product/cogo-town-touring-car/,/products/cogo-town-touring-car
/product/cogo-town-ambulance-car/,/products/cogo-town-ambulance-car
/product/cogo-town-trailer-truck/,/products/cogo-town-trailer-truck
/product/cogo-town-steam-train/,/products/cogo-town-steam-train
/product/yoga-foam-roller-45-cm/,/products/yoga-foam-roller-45-cm
/product/livepro-resistance-loop-band-set/,/products/livepro-resistance-loop-band-set
/product/product-49/,/products/product-49
/product/girls-swimwear-set-2/,/products/girls-swimwear-set-2
/product/girls-swimwear-set/,/products/girls-swimwear-set
/product/modest-waterproof-swimwear-long-style/,/products/modest-waterproof-swimwear-long-style
/product/kiko-modest-swimwear-with-cardigan/,/products/kiko-modest-swimwear-with-cardigan
/product/swim-cover-with-bag/,/products/swim-cover-with-bag
/product/modest-swimwear-with-cardigan/,/products/modest-swimwear-with-cardigan
/product/modest-waterproof-swimwear-long-style-2/,/products/modest-waterproof-swimwear-long-style-2
/product/kiko-modest-swimwear-set-3/,/products/kiko-modest-swimwear-set-3
/product/kiko-modest-swimwear-set-2/,/products/kiko-modest-swimwear-set-2
/product/kiko-modest-swimwear-set/,/products/kiko-modest-swimwear-set
/product/one-piece-billiard-cue/,/products/one-piece-billiard-cue
/product/one-piece-lightweight-billiard-cue/,/products/one-piece-lightweight-billiard-cue
/product/plastic-cue-tip/,/products/plastic-cue-tip
/product/beach-shoes/,/products/beach-shoes
/product/beach-shoes-2/,/products/beach-shoes-2
/product/beach-shoes-3/,/products/beach-shoes-3
/product/track-swimming-backpack-4/,/products/track-swimming-backpack-4
/product/track-swimming-backpack-3/,/products/track-swimming-backpack-3
/product/track-swimming-backpack-2/,/products/track-swimming-backpack-2
/product/track-swimming-backpack/,/products/track-swimming-backpack
/product/kids-animal-head-float/,/products/kids-animal-head-float
/product/tropical-print-swim-ring/,/products/tropical-print-swim-ring
/product/open-knee-support-with-strap-2/,/products/open-knee-support-with-strap-2
/product/open-knee-support-with-strap/,/products/open-knee-support-with-strap
/product/open-patella-knee-support-short/,/products/open-patella-knee-support-short
/product/elbow-support-sleeve/,/products/elbow-support-sleeve
/product/back-support-brace-2/,/products/back-support-brace-2
/product/shaped-swim-ring/,/products/shaped-swim-ring
/product/large-plain-swim-ring/,/products/large-plain-swim-ring
/product/small-colorful-swim-ring/,/products/small-colorful-swim-ring
/product/large-printed-swim-ring/,/products/large-printed-swim-ring
/product/printed-kids-swim-ring-61-cm/,/products/printed-kids-swim-ring-61-cm
/product/large-swim-ring-with-handles/,/products/large-swim-ring-with-handles
/product/car-shape-kids-float/,/products/car-shape-kids-float
/product/rc-extreme-racing-motorcycle/,/products/rc-extreme-racing-motorcycle
/product/snorkel-swimming-tube/,/products/snorkel-swimming-tube
/product/yoga-foam-roller-33-cm/,/products/yoga-foam-roller-33-cm
/product/swimming-foam-noodle/,/products/swimming-foam-noodle
/product/doll-with-accessories-set/,/products/doll-with-accessories-set
/product/sea-animals-toy-set/,/products/sea-animals-toy-set
/product/jump-rope-with-counter-steel-wire/,/products/jump-rope-with-counter-steel-wire
/product/boxing-sandbag/,/products/boxing-sandbag
/product/product-47/,/products/product-47
/product/digital-jump-rope-with-counter-steel-wire/,/products/digital-jump-rope-with-counter-steel-wire
/product/4-ft-trampoline-with-handle-1-2-m/,/products/4-ft-trampoline-with-handle-1-2-m
/product/sponeta-s43e-outdoor-tennis-table/,/products/sponeta-s43e-outdoor-tennis-table
/product/3-piece-truck-set/,/products/3-piece-truck-set
/product/small-foam-glider-airplane/,/products/small-foam-glider-airplane
/product/diy-police-motorcycle-assembly-toy/,/products/diy-police-motorcycle-assembly-toy
/product/mini-beach-buggy-set-3-pieces/,/products/mini-beach-buggy-set-3-pieces
/product/3-piece-racing-cars-with-track-set/,/products/3-piece-racing-cars-with-track-set
/product/strong-scale-speed-king-racing-cars-set/,/products/strong-scale-speed-king-racing-cars-set
/product/racing-car-toy/,/products/racing-car-toy
/product/toy-car/,/products/toy-car
/product/building-blocks-set-100-pieces-in-bag/,/products/building-blocks-set-100-pieces-in-bag
/product/wooden-toy-cars-set/,/products/wooden-toy-cars-set
/product/mini-racing-car-single-piece/,/products/mini-racing-car-single-piece
/product/racing-toy-car/,/products/racing-toy-car
/product/diy-assemble-airplane-toy-2/,/products/diy-assemble-airplane-toy-2
/product/product-46/,/products/product-46
/product/animal-toy-set/,/products/animal-toy-set
/product/4-piece-colorful-racing-cars-set/,/products/4-piece-colorful-racing-cars-set
/product/rescue-truck-toy/,/products/rescue-truck-toy
/product/turtle-shape-puzzle-blocks/,/products/turtle-shape-puzzle-blocks
/product/propeller-racing-car/,/products/propeller-racing-car
/product/kuna-basketball/,/products/kuna-basketball
/product/diy-assemble-tanks-airplanes-set/,/products/diy-assemble-tanks-airplanes-set
/product/cogo-town-building-blocks-estate-car/,/products/cogo-town-building-blocks-estate-car
/product/magnetic-building-blocks-set/,/products/magnetic-building-blocks-set
/product/naughty-crawling-crab-toy/,/products/naughty-crawling-crab-toy
/product/half-finger-sport-gloves/,/products/half-finger-sport-gloves
/product/half-finger-gym-gloves-2/,/products/half-finger-gym-gloves-2
/product/block-track-building-set/,/products/block-track-building-set
/product/small-building-blocks-bag/,/products/small-building-blocks-bag
/product/building-blocks-set-100-pieces/,/products/building-blocks-set-100-pieces
/product/dodgeball-game-set/,/products/dodgeball-game-set
/product/kids-soft-bullet-toy-gun/,/products/kids-soft-bullet-toy-gun
/product/kids-toy-bicycle/,/products/kids-toy-bicycle
/product/block-cars-toy-set/,/products/block-cars-toy-set
/product/shapes-numbers-building-blocks-set/,/products/shapes-numbers-building-blocks-set
/product/kids-stand-fan/,/products/kids-stand-fan
/product/handheld-mini-fan/,/products/handheld-mini-fan
/product/dream-castle-play-set/,/products/dream-castle-play-set
/product/baby-walker-activity-toy/,/products/baby-walker-activity-toy
/product/gliding-rail-car-track-set/,/products/gliding-rail-car-track-set
/product/baby-doll/,/products/baby-doll
/product/kids-tool-set-with-helmet/,/products/kids-tool-set-with-helmet
/product/kids-basketball-160-cm-2/,/products/kids-basketball-160-cm-2
/product/diy-assemble-dinosaur-set/,/products/diy-assemble-dinosaur-set
/product/diy-assemble-motorcycle-toy/,/products/diy-assemble-motorcycle-toy
/product/kids-mini-beads-set/,/products/kids-mini-beads-set
/product/kids-magnetic-drawing-board-with-stamps/,/products/kids-magnetic-drawing-board-with-stamps
/product/mini-toy-car/,/products/mini-toy-car
/product/football-game-2-in-1/,/products/football-game-2-in-1
/product/product-43/,/products/product-43
/product/kids-boxing-speed-ball/,/products/kids-boxing-speed-ball
/product/boxing-speed-ball-125-cm/,/products/boxing-speed-ball-125-cm
/product/bingo-game-4-in-1-line/,/products/bingo-game-4-in-1-line
/product/basketball-bowling-game-2-in-1/,/products/basketball-bowling-game-2-in-1
/product/mini-toy-cars-set/,/products/mini-toy-cars-set
/product/product-44/,/products/product-44
/product/rc-racing-car/,/products/rc-racing-car
/product/remote-control-racing-car/,/products/remote-control-racing-car
/product/square-building-blocks-set/,/products/square-building-blocks-set
/product/kids-kitchen-table-play-set/,/products/kids-kitchen-table-play-set
/product/kids-punching-ball-125cm/,/products/kids-punching-ball-125cm
/product/half-finger-gym-gloves/,/products/half-finger-gym-gloves
/product/padded-gym-gloves/,/products/padded-gym-gloves
/product/product-45/,/products/product-45
/product/waterproof-mobile-phone-case/,/products/waterproof-mobile-phone-case
/product/beads-jewelry-accessories-set/,/products/beads-jewelry-accessories-set
/product/intelligence-puzzle-game/,/products/intelligence-puzzle-game
/product/smart-drawing-board/,/products/smart-drawing-board
/product/resistance-bands-set-5-levels/,/products/resistance-bands-set-5-levels
/product/soft-power-resistance-band/,/products/soft-power-resistance-band
/product/mini-tennis-net/,/products/mini-tennis-net
/product/training-number-markers-set/,/products/training-number-markers-set
/product/large-training-cone-31-cm/,/products/large-training-cone-31-cm
/product/skating-training-cone-8-cm/,/products/skating-training-cone-8-cm
/product/62120/,/products/62120
/product/bosu-ball-balance-trainer/,/products/bosu-ball-balance-trainer
/product/kids-swimming-goggles/,/products/kids-swimming-goggles
/product/kids-ride-on-car/,/products/kids-ride-on-car
/product/3-wheel-scooter-with-lights-and-brake/,/products/3-wheel-scooter-with-lights-and-brake
/product/airplane-kids-tricycle/,/products/airplane-kids-tricycle
/product/ventilated-football-shin-guards/,/products/ventilated-football-shin-guards
/product/football-shin-guard-6/,/products/football-shin-guard-6
/product/football-shin-guards/,/products/football-shin-guards
/product/soft-silicone-kettlebell/,/products/soft-silicone-kettlebell
/product/resistance-training-band/,/products/resistance-training-band
/product/tricep-rope-cable-attachment-2/,/products/tricep-rope-cable-attachment-2
/product/tricep-rope-cable-attachment/,/products/tricep-rope-cable-attachment
/product/hook-bar-lifting-straps/,/products/hook-bar-lifting-straps
/product/loki-table-tennis-set/,/products/loki-table-tennis-set
/product/hip-resistance-bands/,/products/hip-resistance-bands
/product/loki-table-tennis-racket/,/products/loki-table-tennis-racket
/product/fox-table-tennis-racket-4-star/,/products/fox-table-tennis-racket-4-star
/product/fox-table-tennis-racket-2-star/,/products/fox-table-tennis-racket-2-star
/product/fox-table-tennis-racket-3-star/,/products/fox-table-tennis-racket-3-star
/product/fox-table-tennis-racket-1star/,/products/fox-table-tennis-racket-1star
/product/track-long-swimming-fins/,/products/track-long-swimming-fins
/product/adults-protective-gear-set/,/products/adults-protective-gear-set
/product/yoga-foam-roller-30cm/,/products/yoga-foam-roller-30cm
/product/aerobic-step-270cm/,/products/aerobic-step-270cm
/product/product-39/,/products/product-39
/product/product-38/,/products/product-38
/product/product-37/,/products/product-37
/product/product-32/,/products/product-32
/product/product-30/,/products/product-30
/product/product-28/,/products/product-28
/product/track-3d-half-stretch-swim-shorts/,/products/track-3d-half-stretch-swim-shorts
/product/track-3d-slip-swimsuit/,/products/track-3d-slip-swimsuit
/product/product-27/,/products/product-27
/product/product-26/,/products/product-26
/product/product-24/,/products/product-24
/product/product-23/,/products/product-23
/product/headguard/,/products/headguard
/product/product-22/,/products/product-22
/product/product-19/,/products/product-19
/product/keep-fit-goalkeeper-gloves/,/products/keep-fit-goalkeeper-gloves
/product/track-swimming-robe-2/,/products/track-swimming-robe-2
/product/kids-tracksuit/,/products/kids-tracksuit
/product/mens-tracksuit-3/,/products/mens-tracksuit-3
/product/stopwatch/,/products/stopwatch
/product/back-support-brace/,/products/back-support-brace
/product/womens-long-tracksuit/,/products/womens-long-tracksuit
/product/product-15/,/products/product-15
/product/slimming-belt/,/products/slimming-belt
/product/59448/,/products/59448
/product/mens-skechers-shoes-2/,/products/mens-skechers-shoes-2
/product/velvet-blankets/,/products/velvet-blankets
/product/track-mens-printed-jammers/,/products/track-mens-printed-jammers
/product/speedo-mens-swim-brief/,/products/speedo-mens-swim-brief
/product/track-half-sleeve-shorts-swimsuit/,/products/track-half-sleeve-shorts-swimsuit
/product/track-swimsuit/,/products/track-swimsuit
/product/track-swim-short-2/,/products/track-swim-short-2
/product/track-plain-swim-short/,/products/track-plain-swim-short
/product/plain-swim-shorts/,/products/plain-swim-shorts
/product/track-3d-swim-short-2/,/products/track-3d-swim-short-2
/product/track-3d-set-swimsuit/,/products/track-3d-set-swimsuit
/product/track-slip-swimsuit/,/products/track-slip-swimsuit
/product/mens-slip-swimsuit/,/products/mens-slip-swimsuit
/product/track-3d-swim-short/,/products/track-3d-swim-short
/product/kimo-dumbbells/,/products/kimo-dumbbells
/product/mens-running-shoes/,/products/mens-running-shoes
/product/womens-skechers-shoes/,/products/womens-skechers-shoes
/product/58909/,/products/58909
/product/58854/,/products/58854
/product/resistance-bands-2/,/products/resistance-bands-2
/product/resistance-bands/,/products/resistance-bands
/product/sweat-t-shirt/,/products/sweat-t-shirt
/product/track-shoulder-bag-2/,/products/track-shoulder-bag-2
/product/sleeve-t-shirt/,/products/sleeve-t-shirt
/product/comfort-slides/,/products/comfort-slides
/product/flip-flops-2/,/products/flip-flops-2
/product/flip_flop-slippers/,/products/flip_flop-slippers
/product/product-10/,/products/product-10
/product/product-7/,/products/product-7
/product/plain-t_shirt/,/products/plain-t_shirt
/product/chest-expander-2/,/products/chest-expander-2
/product/gym-gloves/,/products/gym-gloves
/product/58244/,/products/58244
/product/track-swimming-goggles-5/,/products/track-swimming-goggles-5
/product/venum-punching-bag/,/products/venum-punching-bag
/product/bar-180-cm/,/products/bar-180-cm
/product/kickboxing-headguard/,/products/kickboxing-headguard
/product/door-pull-up-bar-100cm/,/products/door-pull-up-bar-100cm
/product/ztty-kickboxing-shin-guard/,/products/ztty-kickboxing-shin-guard
/product/jump-ropes/,/products/jump-ropes
/product/product/,/products/product
/product/football-shin-guard-4/,/products/football-shin-guard-4
/product/colored-basketball/,/products/colored-basketball
/product/handball-3/,/products/handball-3
/product/club-world-cup-football/,/products/club-world-cup-football
/product/trophy-65-cm-2/,/products/trophy-65-cm-2
/product/trophy-65-cm/,/products/trophy-65-cm
/product/track-tennis-ball-2/,/products/track-tennis-ball-2
/product/racket-set/,/products/racket-set
/product/badminton-shuttlecock/,/products/badminton-shuttlecock
/product/wilson-tennis-racket-27/,/products/wilson-tennis-racket-27
/product/wilson-tennis-racket-3/,/products/wilson-tennis-racket-3
/product/basketball-hoop/,/products/basketball-hoop
/product/multi-purpose-goal/,/products/multi-purpose-goal
/product/bowling-game-set/,/products/bowling-game-set
/product/black-whistle/,/products/black-whistle
/product/fox-40-whistle-with-handle/,/products/fox-40-whistle-with-handle
/product/giza-flag/,/products/giza-flag
/product/egyptian-national-flag-2/,/products/egyptian-national-flag-2
/product/egyptian-national-flag/,/products/egyptian-national-flag
/product/agility-training-poles/,/products/agility-training-poles
/product/training-speed-hoops/,/products/training-speed-hoops
/product/handball-net-5-mm/,/products/handball-net-5-mm
/product/volleyball-net-3/,/products/volleyball-net-3
/product/volleyball-net-2/,/products/volleyball-net-2
/product/volleyball-net/,/products/volleyball-net
/product/basketball-net/,/products/basketball-net
/product/mosha-volleyball-2/,/products/mosha-volleyball-2
/product/pair-of-five-a-side-football-goal-nets/,/products/pair-of-five-a-side-football-goal-nets
/product/ground-training-ladder-2/,/products/ground-training-ladder-2
/product/training-ladder/,/products/training-ladder
/product/handball-2/,/products/handball-2
/product/handball/,/products/handball
/product/mesuka-volleyball/,/products/mesuka-volleyball
/product/liveup-ankle-and-wrist-weights/,/products/liveup-ankle-and-wrist-weights
/product/track-sandbag-3/,/products/track-sandbag-3
/product/standing-sandbag/,/products/standing-sandbag
/product/track-swimming-goggles-4/,/products/track-swimming-goggles-4
/product/jump-rope/,/products/jump-rope
/product/liveup-resistance-band-2/,/products/liveup-resistance-band-2
/product/resistance-band/,/products/resistance-band
/product/liveup-exercise-loop/,/products/liveup-exercise-loop
/product/hand-wraps/,/products/hand-wraps
/product/track-swimming-goggles/,/products/track-swimming-goggles
/product/asis-mens-sneakers/,/products/asis-mens-sneakers
/product/liveup-resistance-band/,/products/liveup-resistance-band
/product/captain-armband/,/products/captain-armband
/product/plain-hand-wrap/,/products/plain-hand-wrap
/product/sponeta-tennis-table/,/products/sponeta-tennis-table
/product/man-boxing-stand/,/products/man-boxing-stand
/product/track-kids-swimsuit/,/products/track-kids-swimsuit
/product/track-charleston-leggings/,/products/track-charleston-leggings
/product/leggings-pants/,/products/leggings-pants
/product/swimming-goggles-8/,/products/swimming-goggles-8
/product/swimming-goggles-6/,/products/swimming-goggles-6
/product/swimming-goggles-5/,/products/swimming-goggles-5
/product/rubber-football/,/products/rubber-football
/product/table-tennis-racket/,/products/table-tennis-racket
/product/molten-basketball/,/products/molten-basketball
/product/basketball/,/products/basketball
/product/swimming-hand-paddles/,/products/swimming-hand-paddles
/product/asis-mens-half-sneakers/,/products/asis-mens-half-sneakers
/product/long-fins/,/products/long-fins
/product/hockey-stick/,/products/hockey-stick
/product/one-hand-handle/,/products/one-hand-handle
/product/track-swimming-goggles-3/,/products/track-swimming-goggles-3
/product/track-swimming-goggles-2/,/products/track-swimming-goggles-2
/product/slazenger-wimbledon-tennis-balls/,/products/slazenger-wimbledon-tennis-balls
/product/ehsyxslx-running-parachute/,/products/ehsyxslx-running-parachute
/product/livepro-multi-function-step-bench/,/products/livepro-multi-function-step-bench
/product/hand-exercises-ball/,/products/hand-exercises-ball
/product/hip-band/,/products/hip-band
/product/pool-buoy/,/products/pool-buoy
/product/cougar-313/,/products/cougar-313
/product/patinage-one-row/,/products/patinage-one-row
/product/girls-swimsuits-2/,/products/girls-swimsuits-2
/product/girls-swimsuits/,/products/girls-swimsuits
/product/yoga-mat-10-miles/,/products/yoga-mat-10-miles
/product/track-robe/,/products/track-robe
/product/track-hijab-sport/,/products/track-hijab-sport
/product/mirror-swim-goggles/,/products/mirror-swim-goggles
/product/track-shorts/,/products/track-shorts
/product/track-swimming-set/,/products/track-swimming-set
/product/snorkeling-set/,/products/snorkeling-set
/product/track-silicone-snorkeling-set-2/,/products/track-silicone-snorkeling-set-2
/product/track-silicone-snorkeling-set/,/products/track-silicone-snorkeling-set
/product/track-snorkeling-set-2/,/products/track-snorkeling-set-2
/product/track-snorkeling-set/,/products/track-snorkeling-set
/product/track-swimming-fins/,/products/track-swimming-fins
/product/track-fins/,/products/track-fins
/product/track-swim-goggles/,/products/track-swim-goggles
/product/kids-swim-cap/,/products/kids-swim-cap
/product/track-swimming-robe/,/products/track-swimming-robe
/product/locally-ballet-shoes/,/products/locally-ballet-shoes
/product/ballet-shoes/,/products/ballet-shoes
/product/inflatable-water-ball/,/products/inflatable-water-ball
/product/one-piece-swimsuit-2/,/products/one-piece-swimsuit-2
/product/modest-swimsuit/,/products/modest-swimsuit
/product/flower-handbags/,/products/flower-handbags
/product/arm-grip-gym-2/,/products/arm-grip-gym-2
/product/track-prescription-swimming-goggles/,/products/track-prescription-swimming-goggles
/product/infinity-foot-tensioner/,/products/infinity-foot-tensioner
/product/track-cable-cross-tensioner/,/products/track-cable-cross-tensioner
/product/mens-tartan-socks-45-blue/,/products/mens-tartan-socks-45-blue
/product/small-trophy-17-cm-lux/,/products/small-trophy-17-cm-lux
/product/professional-wind-resistant-frisbee-live-pro-flying-disc-5kg/,/products/professional-wind-resistant-frisbee-live-pro-flying-disc-5kg
/product/basketball-training-agenda/,/products/basketball-training-agenda
/product/large-oscar-trophy-21-cm/,/products/large-oscar-trophy-21-cm
/product/imported-golden-shoe-oscar/,/products/imported-golden-shoe-oscar
/product/football-training-agenda-2/,/products/football-training-agenda-2
/product/back-support-and-reinforcement-belt/,/products/back-support-and-reinforcement-belt
/product/table-tennis-balls-white-3-pack-in-vacuum-packaging/,/products/table-tennis-balls-white-3-pack-in-vacuum-packaging
/product/dunlop-tennis-ball/,/products/dunlop-tennis-ball
/product/racket-handle-grip/,/products/racket-handle-grip
/product/baby-foot-ball/,/products/baby-foot-ball
/product/target-arrows-6on-card/,/products/target-arrows-6on-card
/product/target-arrow-set-3-arrows-on-card/,/products/target-arrow-set-3-arrows-on-card
/product/re-action-ball/,/products/re-action-ball
/product/imported-black-pool-triangle/,/products/imported-black-pool-triangle
/product/pulley-for-equipment-with-bearings-and-bushings/,/products/pulley-for-equipment-with-bearings-and-bushings
/product/gamma-25-inch-tennis-racket-authorized-dealer/,/products/gamma-25-inch-tennis-racket-authorized-dealer
/product/imported-large-plastic-cone-52-cm/,/products/imported-large-plastic-cone-52-cm
/product/mc518-silicone-swimming-goggles-pink/,/products/mc518-silicone-swimming-goggles-pink
/product/mc518-silicone-swimming-goggles-blue/,/products/mc518-silicone-swimming-goggles-blue
/product/imported-venum-headguard/,/products/imported-venum-headguard
/product/phosphorescent-marker-pole/,/products/phosphorescent-marker-pole
/product/core-ball-bag/,/products/core-ball-bag
/product/large-bowling-game/,/products/large-bowling-game
/product/value-pull-up-bar/,/products/value-pull-up-bar
/product/liveup-power-tube-resistance-band/,/products/liveup-power-tube-resistance-band
/product/kepal-hand-wrist-exerciser/,/products/kepal-hand-wrist-exerciser
/product/hand-gripper-yellow/,/products/hand-gripper-yellow
/product/hand-gripper-white/,/products/hand-gripper-white
/product/wilson-tennis-racket-size-25-copy/,/products/wilson-tennis-racket-size-25-copy
/product/plain-salopette-swimsuit/,/products/plain-salopette-swimsuit
/product/sports-t-shirt-long-sleeve/,/products/sports-t-shirt-long-sleeve
/product/cougar-roller-skates/,/products/cougar-roller-skates
/product/cougar-freestyle-inline-roller-skates/,/products/cougar-freestyle-inline-roller-skates
/product/european-league-stars-football/,/products/european-league-stars-football
/product/audi-paddle-ball-can/,/products/audi-paddle-ball-can
/product/18mm-flooring-per-square-meter/,/products/18mm-flooring-per-square-meter
/product/device-foam/,/products/device-foam
/product/head-band/,/products/head-band
/product/bar-150-cm/,/products/bar-150-cm
/product/beach-volleyball/,/products/beach-volleyball
/product/imported-step-68-cm-high-25-cm/,/products/imported-step-68-cm-high-25-cm
/product/step-68cm-small-height15cm/,/products/step-68cm-small-height15cm
/product/fox-handle-whistle-40-80-dolphin/,/products/fox-handle-whistle-40-80-dolphin
/product/imported-bar-180cm-25ml/,/products/imported-bar-180cm-25ml
/product/imported-bar-120-cm/,/products/imported-bar-120-cm
/product/racket-grip-tape/,/products/racket-grip-tape
/product/legal-football-net-moquette-5mm/,/products/legal-football-net-moquette-5mm
/product/netiako-table-tennis-ball3-balls/,/products/netiako-table-tennis-ball3-balls
/product/oscar-cup-large-ball-21-cm/,/products/oscar-cup-large-ball-21-cm
/product/shin-guard-socks/,/products/shin-guard-socks
/product/bandage-pair-2-5-meters-blue/,/products/bandage-pair-2-5-meters-blue
/product/swimmer-earplugs/,/products/swimmer-earplugs
/product/swimming-cap-with-straps-mondial/,/products/swimming-cap-with-straps-mondial
/product/patinage-one-row-outdoor-door/,/products/patinage-one-row-outdoor-door
/product/trampoline-50-inches125-cm/,/products/trampoline-50-inches125-cm
/product/diadora-exercise-mattress/,/products/diadora-exercise-mattress
/product/individual-skipping-rope-pink/,/products/individual-skipping-rope-pink
/product/individual-skipping-rope-green/,/products/individual-skipping-rope-green
/product/individual-skipping-rope-blue/,/products/individual-skipping-rope-blue
/product/individual-skipping-rope-black/,/products/individual-skipping-rope-black
/product/silicone-lock-for-fins/,/products/silicone-lock-for-fins
/product/dumbbell-holder-6-piece/,/products/dumbbell-holder-6-piece
/product/hand-grip-with-counter/,/products/hand-grip-with-counter
/product/sweden-tennis-ball-can/,/products/sweden-tennis-ball-can
/product/star-training-plate/,/products/star-training-plate
/product/one-sided-kuna-bouncing-ball/,/products/one-sided-kuna-bouncing-ball
/product/eva-soft-3-padel-racket-22mm/,/products/eva-soft-3-padel-racket-22mm
/product/arbon-padel-racket-38-mm-eva-soft-3-carbon/,/products/arbon-padel-racket-38-mm-eva-soft-3-carbon
/product/swimming-mouse/,/products/swimming-mouse
/product/two-wheel-roller-skates-large-red/,/products/two-wheel-roller-skates-large-red
/product/two-wheel-roller-skates-large-black/,/products/two-wheel-roller-skates-large-black
/product/automatic-ping-pong-net-holder/,/products/automatic-ping-pong-net-holder
/product/resistance-bands-set/,/products/resistance-bands-set
/product/imported-tricep-rope/,/products/imported-tricep-rope
/product/liveup-stress-ball/,/products/liveup-stress-ball
/product/training-disc-374040/,/products/training-disc-374040
/product/training-rings/,/products/training-rings
/product/training-cone-18_20-cm/,/products/training-cone-18_20-cm
/product/heats-digital-jump-rope/,/products/heats-digital-jump-rope
/product/mikado-1-star-white-ping-pong-balls/,/products/mikado-1-star-white-ping-pong-balls
/product/arwoza-karate-shin-guard-set/,/products/arwoza-karate-shin-guard-set
/product/hugo-taekwondo-moto/,/products/hugo-taekwondo-moto
/product/taekwondo-shin-and-forearm-guard-set/,/products/taekwondo-shin-and-forearm-guard-set
/product/medicine-ball-from-1kg-to-5kg-5kg/,/products/medicine-ball-from-1kg-to-5kg-5kg
/product/medicine-ball-from-1kg-to-5kg-4kg/,/products/medicine-ball-from-1kg-to-5kg-4kg
/product/medicine-ball-from-1kg-to-5kg-3kg/,/products/medicine-ball-from-1kg-to-5kg-3kg
/product/medicine-ball-from-1kg-to-5kg-2kg/,/products/medicine-ball-from-1kg-to-5kg-2kg
/product/medicine-ball-from-1kg-to-5kg-1kg/,/products/medicine-ball-from-1kg-to-5kg-1kg
/product/star-ball-football/,/products/star-ball-football
/product/aerobic-exercise-ball/,/products/aerobic-exercise-ball
/product/liveup-flat-resistance-band/,/products/liveup-flat-resistance-band
/product/manizia-gymnastics-chalk/,/products/manizia-gymnastics-chalk
/product/manizia-taiwanese-blue-elephant-chalk-cubes/,/products/manizia-taiwanese-blue-elephant-chalk-cubes
/product/golden-wing-badminton-shuttlecock/,/products/golden-wing-badminton-shuttlecock
/product/imported-colored-dumbbells-from-1kg-to-5kg-5kg/,/products/imported-colored-dumbbells-from-1kg-to-5kg-5kg
/product/imported-colored-dumbbells-from-1kg-to-5kg-4kg/,/products/imported-colored-dumbbells-from-1kg-to-5kg-4kg
/product/imported-colored-dumbbells-from-1kg-to-5kg-3kg/,/products/imported-colored-dumbbells-from-1kg-to-5kg-3kg
/product/imported-colored-dumbbells-from-1kg-to-5kg-1kg/,/products/imported-colored-dumbbells-from-1kg-to-5kg-1kg
/product/imported-high-pulling-bar/,/products/imported-high-pulling-bar
/product/donic-ping-pong-racket400/,/products/donic-ping-pong-racket400
/product/3-star-butterfly-ping-pong-racket/,/products/3-star-butterfly-ping-pong-racket
/product/handball-egypt-flag-print/,/products/handball-egypt-flag-print
/product/table-tennis-medal-ground-6cm/,/products/table-tennis-medal-ground-6cm
/product/imported-football-medal-6cm/,/products/imported-football-medal-6cm
/product/theraband-set-with-5-resistance-levels/,/products/theraband-set-with-5-resistance-levels
/product/venessa-asis-volleyball-knee-pads/,/products/venessa-asis-volleyball-knee-pads
/product/billiard-ball-set/,/products/billiard-ball-set
/product/dunlop-squash-ball/,/products/dunlop-squash-ball
/product/multicolor-hula-hoop/,/products/multicolor-hula-hoop
/product/weightlifting-belt-medium/,/products/weightlifting-belt-medium
/product/weightlifting-belt-large/,/products/weightlifting-belt-large
/product/moto-boxing-mouthguard/,/products/moto-boxing-mouthguard
/product/everlast-weightlifting-belt/,/products/everlast-weightlifting-belt
/product/conquest-playboy-footwear/,/products/conquest-playboy-footwear
/product/pull-up-bar-for-exercise-68-90/,/products/pull-up-bar-for-exercise-68-90
/product/set-of-2-badminton-rackets/,/products/set-of-2-badminton-rackets
/product/zigzag-bar-imported-25-ml/,/products/zigzag-bar-imported-25-ml
/product/imported-straight-bar-35_40cm/,/products/imported-straight-bar-35_40cm
/product/foam-yoga-block/,/products/foam-yoga-block
/product/billiard-stick-heads/,/products/billiard-stick-heads
/product/adjustable-bench-press/,/products/adjustable-bench-press
/product-category/accessories/,/collections/accessories
/product-category/sports/badimnton-equipment/,/collections/badimnton-equipment
/product-category/bags-backpacks/,/collections/bags-backpacks
/product-category/sports/ball-games/,/collections/ball-games
/product-category/sports/ballet-equipment/,/collections/ballet-equipment
/product-category/sports/basketball-equipment/,/collections/basketball-equipment
/product-category/swimming-equipment/beach-equipment/beach-bag-sea-hat/,/collections/beach-bag-sea-hat
/product-category/swimming-equipment/beach-equipment/,/collections/beach-equipment
/product-category/swimming-equipment/beach-equipment/floats/,/collections/floats
/product-category/swimming-equipment/beach-equipment/beach-shoes/,/collections/beach-shoes
/product-category/swimming-equipment/beach-equipment/beach-toys/,/collections/beach-toys
/product-category/sports/billiard-equipment/,/collections/billiard-equipment
/product-category/blankets/,/collections/blankets
/product-category/sports/camping-equipment/,/collections/camping-equipment
/product-category/fitness/,/collections/fitness
/product-category/flags/,/collections/flags
/product-category/sports/football-equipment/,/collections/football-equipment
/product-category/shoes/football-shoes/,/collections/football-shoes
/product-category/games/,/collections/games
/product-category/accessories/gloves/,/collections/gloves
/product-category/swimming-equipment/goggles/,/collections/goggles
/product-category/gym-equipment/,/collections/gym-equipment
/product-category/bags-backpacks/handbags/,/collections/handbags
/product-category/sports/handball-equipment/,/collections/handball-equipment
/product-category/accessories/hats/,/collections/hats
/product-category/sports/hockey-equipment/,/collections/hockey-equipment
/product-category/fitness/home-workout-equipment/,/collections/home-workout-equipment
/product-category/sportswear/jacket/,/collections/jacket
/product-category/sports/karate-equipment/,/collections/karate-equipment
/product-category/swimwear/kids-swimwear/,/collections/kids-swimwear
/product-category/kids-suit/,/collections/kids-suit
/product-category/martial-arts/,/collections/martial-arts
/product-category/accessories/medical-equipment/,/collections/medical-equipment
/product-category/swimwear/men-swimwear/,/collections/men-swimwear
/product-category/sports/paddle-equipment/,/collections/paddle-equipment
/product-category/sportswear/pants/,/collections/pants
/product-category/games/ping-pong-equipment/,/collections/ping-pong-equipment
/product-category/sports/racket-equipment/,/collections/racket-equipment
/product-category/fitness/resistance-band/,/collections/resistance-band
/product-category/sports/roller-skating-equipment/,/collections/roller-skating-equipment
/product-category/shoes/running-shoes/,/collections/running-shoes
/product-category/scooters/,/collections/scooters
/product-category/sports/scout-equipment/,/collections/scout-equipment
/product-category/sportswear/set/,/collections/set
/product-category/sportswear/shirts/,/collections/shirts
/product-category/shoes/,/collections/shoes
/product-category/sportswear/shorts/,/collections/shorts
/product-category/sports/skateboard/,/collections/skateboard
/product-category/shoes/slippers/,/collections/slippers
/product-category/sports/speed-ball-equipment/,/collections/speed-ball-equipment
/product-category/sports/,/collections/sports
/product-category/accessories/sports-bottle/,/collections/sports-bottle
/product-category/sportswear/,/collections/sportswear
/product-category/sports/squash-equipment/,/collections/squash-equipment
/product-category/swimming-equipment/,/collections/swimming-equipment
/product-category/swimwear/,/collections/swimwear
/product-category/martial-arts/taekwondo-equipment/,/collections/taekwondo-equipment
/product-category/sports/tennis-equipment/,/collections/tennis-equipment
/product-category/toys-2026/,/collections/toys-2026
/product-category/trophy-cups-medals/,/collections/trophy-cups-medals
/product-category/sports/volleyball-equipment/,/collections/volleyball-equipment
/product-category/water-bottles/,/collections/water-bottles
/product-category/weights-and-bars/,/collections/weights-and-bars
/product-category/swimwear/women-swimwear/,/collections/women-swimwear
/product-category/yoga-equipment/,/collections/yoga-equipment
/about-baba-saleh/,/pages/about-baba-saleh
/contact-us/,/pages/contact-us
/returns-policy/,/pages/returns-policy
/terms-conditions/,/pages/terms-conditions
/privacy-policy/,/pages/privacy-policy
/event-production/,/pages/event-production
/refund_returns/,/pages/returns-policy
/maadi-branch-hiring/,/pages/contact-us
/october-branch-hiring/,/pages/contact-us
/categories/,/collections
/shop/,/collections/all
/product-category/,/collections
/my-account/,/account
/wishlist/,/collections/all
